{"cumulative_duration_(secs)": 92446.49778758126, "total_number_of_songs": 325, "instruments_and_percentage_of_songs_present_in": [["Tremolo Strings", 0.003076923076923077], ["Gunshot", 0.003076923076923077], ["Melodic Tom", 0.003076923076923077], ["Tinkle Bell", 0.003076923076923077], ["Woodblock", 0.003076923076923077], ["Xylophone", 0.003076923076923077], ["Oboe", 0.003076923076923077], ["Pizzicato Strings", 0.003076923076923077], ["Fiddle", 0.003076923076923077], ["English Horn", 0.003076923076923077], ["Clavinet", 0.003076923076923077], ["Shamisen", 0.003076923076923077], ["Glockenspiel", 0.003076923076923077], ["Pad 6 (metallic)", 0.003076923076923077], ["Pad 4 (choir)", 0.003076923076923077], ["Pad 8 (sweep)", 0.003076923076923077], ["Clarinet", 0.003076923076923077], ["Dulcimer", 0.003076923076923077], ["Church Organ", 0.003076923076923077], ["FX 6 (goblins)", 0.003076923076923077], ["Telephone Ring", 0.003076923076923077], ["Pad 7 (halo)", 0.003076923076923077], ["FX 8 (sci-fi)", 0.003076923076923077], ["Breath Noise", 0.003076923076923077], ["Harmonica", 0.003076923076923077], ["Synth Drum", 0.006153846153846154], ["Cello", 0.006153846153846154], ["FX 2 (soundtrack)", 0.006153846153846154], ["Pad 5 (bowed)", 0.006153846153846154], ["Honky-tonk Piano", 0.006153846153846154], ["Viola", 0.006153846153846154], ["Flute", 0.006153846153846154], ["Bagpipe", 0.006153846153846154], ["Synth Choir", 0.006153846153846154], ["Helicopter", 0.006153846153846154], ["Synth Bass 1", 0.006153846153846154], ["Reed Organ", 0.006153846153846154], ["Bassoon", 0.006153846153846154], ["Rock Organ", 0.006153846153846154], ["Orchestra Hit", 0.006153846153846154], ["Seashore", 0.006153846153846154], ["Lead 5 (charang)", 0.006153846153846154], ["French Horn", 0.006153846153846154], ["Synth Strings 2", 0.006153846153846154], ["Soprano Sax", 0.009230769230769232], ["Pan Flute", 0.009230769230769232], ["Tubular Bells", 0.009230769230769232], ["Muted Trumpet", 0.009230769230769232], ["Sitar", 0.009230769230769232], ["Lead 7 (fifths)", 0.009230769230769232], ["Timpani", 0.009230769230769232], ["Violin", 0.009230769230769232], ["Electric Piano 1", 0.009230769230769232], ["Electric Piano 2", 0.009230769230769232], ["Harpsichord", 0.009230769230769232], ["Celesta", 0.009230769230769232], ["Pad 3 (polysynth)", 0.009230769230769232], ["Lead 3 (calliope)", 0.009230769230769232], ["Trombone", 0.012307692307692308], ["Brass Section", 0.012307692307692308], ["Applause", 0.012307692307692308], ["Contrabass", 0.012307692307692308], ["Synth Brass 1", 0.012307692307692308], ["Bright Acoustic Piano", 0.012307692307692308], ["Pad 2 (warm)", 0.012307692307692308], ["FX 5 (brightness)", 0.012307692307692308], ["Slap Bass 1", 0.015384615384615385], ["Pad 1 (new age)", 0.015384615384615385], ["String Ensemble 2", 0.015384615384615385], ["Music Box", 0.018461538461538463], ["Electric Grand Piano", 0.021538461538461538], ["Alto Sax", 0.021538461538461538], ["Synth Strings 1", 0.021538461538461538], ["FX 4 (atmosphere)", 0.021538461538461538], ["Trumpet", 0.024615384615384615], ["String Ensemble 1", 0.027692307692307693], ["Tenor Sax", 0.03076923076923077], ["Lead 1 (square)", 0.03076923076923077], ["Lead 6 (voice)", 0.03076923076923077], ["Percussive Organ", 0.03076923076923077], ["Lead 8 (bass + lead)", 0.036923076923076927], ["Guitar Harmonics", 0.04], ["Guitar Fret Noise", 0.04], ["Fretless Bass", 0.043076923076923075], ["Acoustic Bass", 0.043076923076923075], ["Electric Guitar (muted)", 0.046153846153846156], ["Electric Guitar (jazz)", 0.04923076923076923], ["Reverse Cymbal", 0.04923076923076923], ["Acoustic Guitar (nylon)", 0.05846153846153846], ["Voice Oohs", 0.06153846153846154], ["Baritone Sax", 0.07076923076923076], ["Drawbar Organ", 0.07692307692307693], ["Lead 2 (sawtooth)", 0.08], ["Acoustic Guitar (steel)", 0.19384615384615383], ["Electric Guitar (clean)", 0.2276923076923077], ["Choir Aahs", 0.24615384615384617], ["Electric Bass (pick)", 0.3230769230769231], ["Electric Bass (finger)", 0.5446153846153846], ["Overdriven Guitar", 0.6553846153846153], ["Acoustic Grand Piano", 0.7384615384615385], ["Distortion Guitar", 0.84]]}