{"cumulative_duration_(secs)": 83231.79822565053, "total_number_of_songs": 305, "instruments_and_percentage_of_songs_present_in": [["Marimba", 0.003278688524590164], ["Slap Bass 2", 0.003278688524590164], ["Pad 1 (new age)", 0.003278688524590164], ["Drawbar Organ", 0.003278688524590164], ["Muted Trumpet", 0.003278688524590164], ["Alto Sax", 0.003278688524590164], ["Tenor Sax", 0.003278688524590164], ["Trombone", 0.003278688524590164], ["Synth Strings 1", 0.003278688524590164], ["Electric Guitar (jazz)", 0.003278688524590164], ["Lead 3 (calliope)", 0.003278688524590164], ["Ocarina", 0.003278688524590164], ["Honky-tonk Piano", 0.003278688524590164], ["Helicopter", 0.003278688524590164], ["Electric Bass (pick)", 0.003278688524590164], ["String Ensemble 1", 0.003278688524590164], ["French Horn", 0.003278688524590164], ["FX 3 (crystal)", 0.003278688524590164], ["Pan Flute", 0.003278688524590164], ["Viola", 0.006557377049180328], ["Slap Bass 1", 0.006557377049180328], ["Cello", 0.006557377049180328], ["Bright Acoustic Piano", 0.006557377049180328], ["Electric Guitar (muted)", 0.006557377049180328], ["Electric Bass (finger)", 0.009836065573770493], ["Harmonica", 0.013114754098360656], ["Contrabass", 0.01639344262295082], ["Acoustic Guitar (nylon)", 0.019672131147540985], ["Flute", 0.019672131147540985], ["Vibraphone", 0.02622950819672131], ["Electric Piano 1", 0.06557377049180328], ["Fretless Bass", 0.12459016393442623], ["Violin", 0.14754098360655737], ["Acoustic Bass", 0.4459016393442623], ["Acoustic Grand Piano", 0.980327868852459]]}