{"cumulative_duration_(secs)": 961370.2671306505, "total_number_of_songs": 3733, "instruments_and_percentage_of_songs_present_in": [["Shanai", 0.0005357621216180017], ["Steel Drums", 0.0005357621216180017], ["Koto", 0.0010715242432360033], ["Shakuhachi", 0.0010715242432360033], ["Shamisen", 0.001339405304045004], ["Telephone Ring", 0.001339405304045004], ["Blown bottle", 0.001339405304045004], ["Tango Accordion", 0.001339405304045004], ["Kalimba", 0.001339405304045004], ["Woodblock", 0.0016072863648540047], ["Muted Trumpet", 0.0016072863648540047], ["Lead 7 (fifths)", 0.0016072863648540047], ["Xylophone", 0.0016072863648540047], ["Breath Noise", 0.0016072863648540047], ["Tinkle Bell", 0.0018751674256630056], ["Dulcimer", 0.0018751674256630056], ["Agogo", 0.0018751674256630056], ["FX 3 (crystal)", 0.0021430484864720066], ["Fiddle", 0.0024109295472810074], ["English Horn", 0.0024109295472810074], ["FX 6 (goblins)", 0.0024109295472810074], ["Tuba", 0.0024109295472810074], ["Whistle", 0.0024109295472810074], ["Bird Tweet", 0.0024109295472810074], ["FX 8 (sci-fi)", 0.002678810608090008], ["FX 2 (soundtrack)", 0.0029466916688990086], ["Synth Drum", 0.0032145727297080095], ["Banjo", 0.0032145727297080095], ["Piccolo", 0.0032145727297080095], ["Helicopter", 0.0034824537905170103], ["Bagpipe", 0.0034824537905170103], ["Glockenspiel", 0.0034824537905170103], ["Taiko Drum", 0.0034824537905170103], ["Pad 5 (bowed)", 0.004286096972944013], ["Recorder", 0.004286096972944013], ["FX 1 (rain)", 0.004553978033753014], ["FX 7 (echoes)", 0.004553978033753014], ["Marimba", 0.004553978033753014], ["Pizzicato Strings", 0.004821859094562015], ["Ocarina", 0.004821859094562015], ["Synth Brass 2", 0.004821859094562015], ["Clavinet", 0.005089740155371015], ["Bassoon", 0.005089740155371015], ["Trombone", 0.005357621216180016], ["Pad 6 (metallic)", 0.005357621216180016], ["Pad 8 (sweep)", 0.005625502276989017], ["Accordion", 0.005625502276989017], ["Gunshot", 0.005893383337798017], ["Melodic Tom", 0.005893383337798017], ["Synth Bass 1", 0.005893383337798017], ["Soprano Sax", 0.0061612643986070185], ["Honky-tonk Piano", 0.0061612643986070185], ["Electric Piano 1", 0.0061612643986070185], ["Pad 7 (halo)", 0.0061612643986070185], ["Harmonica", 0.006429145459416019], ["Percussive Organ", 0.006429145459416019], ["Lead 4 chiff", 0.006429145459416019], ["Vibraphone", 0.006429145459416019], ["Orchestral Harp", 0.006429145459416019], ["Applause", 0.00669702652022502], ["Reed Organ", 0.00669702652022502], ["Electric Piano 2", 0.006964907581034021], ["Contrabass", 0.007232788641843022], ["Music Box", 0.0077685507634610235], ["French Horn", 0.008304312885079025], ["Tubular Bells", 0.008572193945888026], ["Viola", 0.008572193945888026], ["FX 4 (atmosphere)", 0.009107956067506027], ["Celesta", 0.009375837128315028], ["Seashore", 0.009375837128315028], ["Baritone Sax", 0.00964371818912403], ["FX 5 (brightness)", 0.00964371818912403], ["Orchestra Hit", 0.00964371818912403], ["Clarinet", 0.00964371818912403], ["Synth Bass 2", 0.00964371818912403], ["Pan Flute", 0.00991159924993303], ["Sitar", 0.010447361371551032], ["Timpani", 0.010447361371551032], ["Synth Brass 1", 0.010983123493169033], ["Synth Strings 2", 0.011251004553978034], ["Guitar Fret Noise", 0.011518885614787035], ["Rock Organ", 0.011518885614787035], ["Tenor Sax", 0.012322528797214037], ["Lead 3 (calliope)", 0.012590409858023038], ["Trumpet", 0.012858290918832038], ["Lead 5 (charang)", 0.01312617197964104], ["Tremolo Strings", 0.013661934101259042], ["Pad 4 (choir)", 0.014197696222877042], ["Pad 3 (polysynth)", 0.014465577283686044], ["Reverse Cymbal", 0.014465577283686044], ["Pad 1 (new age)", 0.014733458344495045], ["Cello", 0.015269220466113046], ["Slap Bass 2", 0.015269220466113046], ["Electric Grand Piano", 0.015804982587731047], ["Lead 8 (bass + lead)", 0.016072863648540048], ["Acoustic Bass", 0.01634074470934905], ["Voice Oohs", 0.01660862577015805], ["Synth Choir", 0.017680150013394052], ["Oboe", 0.017948031074203053], ["Pad 2 (warm)", 0.018483793195821056], ["Brass Section", 0.018751674256630057], ["Alto Sax", 0.01928743637824806], ["Church Organ", 0.021966246986338065], ["Bright Acoustic Piano", 0.02384141441200107], ["Harpsichord", 0.024912938655237075], ["String Ensemble 2", 0.025716581837664076], ["Guitar Harmonics", 0.025984462898473077], ["Violin", 0.025984462898473077], ["Flute", 0.027859630324136082], ["Electric Guitar (muted)", 0.03160996517546209], ["Lead 1 (square)", 0.034020894722743104], ["Lead 6 (voice)", 0.03830699169568712], ["Drawbar Organ", 0.04018215912135012], ["Synth Strings 1", 0.04178944548620413], ["Fretless Bass", 0.044736137155103134], ["Electric Guitar (jazz)", 0.04955799624966515], ["Slap Bass 1", 0.050629520492901155], ["Acoustic Guitar (nylon)", 0.07527457808732922], ["Lead 2 (sawtooth)", 0.07822126975622823], ["Choir Aahs", 0.10956335387088133], ["String Ensemble 1", 0.13849450843825342], ["Electric Guitar (clean)", 0.14840610768818643], ["Acoustic Guitar (steel)", 0.1687650683096705], ["Electric Bass (pick)", 0.28529332976158583], ["Overdriven Guitar", 0.4109295472810072], ["Electric Bass (finger)", 0.4259308866863113], ["Acoustic Grand Piano", 0.7597106884543263], ["Distortion Guitar", 0.7744441467988213]]}