{"cumulative_duration_(secs)": 353773.15857626277, "total_number_of_songs": 1592, "instruments_and_percentage_of_songs_present_in": [["Helicopter", 0.000628140703517588], ["Koto", 0.000628140703517588], ["Bagpipe", 0.000628140703517588], ["Reed Organ", 0.000628140703517588], ["Church Organ", 0.000628140703517588], ["Bird Tweet", 0.000628140703517588], ["Gunshot", 0.000628140703517588], ["Blown bottle", 0.001256281407035176], ["Breath Noise", 0.001256281407035176], ["FX 1 (rain)", 0.001256281407035176], ["Woodblock", 0.001256281407035176], ["Sitar", 0.001256281407035176], ["Lead 7 (fifths)", 0.001256281407035176], ["FX 2 (soundtrack)", 0.001256281407035176], ["Fiddle", 0.0018844221105527637], ["Agogo", 0.0018844221105527637], ["Taiko Drum", 0.0018844221105527637], ["Pad 6 (metallic)", 0.002512562814070352], ["FX 7 (echoes)", 0.002512562814070352], ["FX 6 (goblins)", 0.002512562814070352], ["Melodic Tom", 0.002512562814070352], ["Lead 4 chiff", 0.002512562814070352], ["Tinkle Bell", 0.002512562814070352], ["Xylophone", 0.002512562814070352], ["Synth Drum", 0.002512562814070352], ["Harpsichord", 0.00314070351758794], ["Tubular Bells", 0.00314070351758794], ["Lead 5 (charang)", 0.00314070351758794], ["FX 8 (sci-fi)", 0.00314070351758794], ["FX 3 (crystal)", 0.0037688442211055275], ["Dulcimer", 0.0037688442211055275], ["Tango Accordion", 0.0037688442211055275], ["Lead 6 (voice)", 0.0037688442211055275], ["Applause", 0.0037688442211055275], ["Telephone Ring", 0.0037688442211055275], ["Music Box", 0.005025125628140704], ["Pad 5 (bowed)", 0.005025125628140704], ["Orchestra Hit", 0.005025125628140704], ["Kalimba", 0.005025125628140704], ["Glockenspiel", 0.005025125628140704], ["Shakuhachi", 0.005025125628140704], ["English Horn", 0.005653266331658292], ["Bassoon", 0.005653266331658292], ["Timpani", 0.005653266331658292], ["Steel Drums", 0.005653266331658292], ["Ocarina", 0.00628140703517588], ["FX 4 (atmosphere)", 0.00628140703517588], ["Recorder", 0.006909547738693468], ["Pad 7 (halo)", 0.006909547738693468], ["Guitar Harmonics", 0.006909547738693468], ["FX 5 (brightness)", 0.006909547738693468], ["Guitar Fret Noise", 0.006909547738693468], ["Pad 3 (polysynth)", 0.007537688442211055], ["Whistle", 0.007537688442211055], ["Pad 4 (choir)", 0.008165829145728644], ["Tremolo Strings", 0.008165829145728644], ["Cello", 0.009422110552763818], ["Seashore", 0.009422110552763818], ["Accordion", 0.009422110552763818], ["Viola", 0.010050251256281407], ["Pad 8 (sweep)", 0.010050251256281407], ["Synth Strings 2", 0.010050251256281407], ["Lead 1 (square)", 0.010050251256281407], ["Synth Brass 2", 0.010678391959798994], ["Pad 1 (new age)", 0.011306532663316583], ["Contrabass", 0.01193467336683417], ["Synth Bass 2", 0.01193467336683417], ["Banjo", 0.01193467336683417], ["Synth Choir", 0.01193467336683417], ["Synth Bass 1", 0.01256281407035176], ["Orchestral Harp", 0.013819095477386936], ["Slap Bass 2", 0.014447236180904523], ["Electric Grand Piano", 0.014447236180904523], ["Honky-tonk Piano", 0.01507537688442211], ["Lead 8 (bass + lead)", 0.01507537688442211], ["Electric Bass (pick)", 0.015703517587939697], ["Oboe", 0.015703517587939697], ["Marimba", 0.016331658291457288], ["Pan Flute", 0.016331658291457288], ["Clavinet", 0.016959798994974875], ["Lead 2 (sawtooth)", 0.016959798994974875], ["Reverse Cymbal", 0.016959798994974875], ["Piccolo", 0.017587939698492462], ["Lead 3 (calliope)", 0.01821608040201005], ["Celesta", 0.018844221105527637], ["Tuba", 0.019472361809045227], ["Harmonica", 0.02198492462311558], ["Percussive Organ", 0.02198492462311558], ["Distortion Guitar", 0.022613065326633167], ["Synth Brass 1", 0.023241206030150754], ["Slap Bass 1", 0.02512562814070352], ["Pizzicato Strings", 0.02512562814070352], ["Drawbar Organ", 0.026381909547738693], ["Soprano Sax", 0.02763819095477387], ["Choir Aahs", 0.028894472361809045], ["Pad 2 (warm)", 0.032035175879396985], ["Overdriven Guitar", 0.032663316582914576], ["Rock Organ", 0.03391959798994975], ["French Horn", 0.03768844221105527], ["Voice Oohs", 0.03957286432160804], ["Electric Piano 2", 0.042085427135678394], ["Synth Strings 1", 0.04459798994974874], ["Electric Guitar (muted)", 0.05402010050251256], ["Electric Guitar (clean)", 0.05402010050251256], ["Clarinet", 0.06155778894472362], ["Bright Acoustic Piano", 0.06721105527638191], ["Brass Section", 0.08228643216080402], ["Muted Trumpet", 0.08479899497487438], ["String Ensemble 2", 0.09170854271356783], ["Acoustic Guitar (steel)", 0.09484924623115577], ["Flute", 0.09798994974874371], ["Baritone Sax", 0.10552763819095477], ["Electric Bass (finger)", 0.10866834170854271], ["String Ensemble 1", 0.12751256281407036], ["Vibraphone", 0.13253768844221106], ["Electric Piano 1", 0.13819095477386933], ["Acoustic Guitar (nylon)", 0.14949748743718594], ["Fretless Bass", 0.15766331658291458], ["Violin", 0.15829145728643215], ["Trombone", 0.17399497487437185], ["Tenor Sax", 0.1771356783919598], ["Alto Sax", 0.17902010050251257], ["Electric Guitar (jazz)", 0.1871859296482412], ["Trumpet", 0.19283919597989949], ["Acoustic Bass", 0.539572864321608], ["Acoustic Grand Piano", 0.8775125628140703]]}